{"flutter":{"platforms":{"android":{"default":{"projectId":"fitchiapp","appId":"1:507504909528:android:ad9476432ed041f6e00bad","fileOutput":"android/app/google-services.json"}},"dart":{"lib/firebase_options.dart":{"projectId":"fitchiapp","configurations":{"android":"1:507504909528:android:ad9476432ed041f6e00bad","ios":"1:507504909528:ios:28a60326e4ef2a4fe00bad","macos":"1:507504909528:ios:28a60326e4ef2a4fe00bad","web":"1:507504909528:web:6fbb69fce2c00d7fe00bad","windows":"1:507504909528:web:b307233c3dbd5aa5e00bad"}}}}}}