{
  "project_info": {
    "project_number": "507504909528",
    "project_id": "fitchiapp",
    "storage_bucket": "fitchiapp.firebasestorage.app"
  },
  "client": [
    {
      "client_info": {
        "mobilesdk_app_id": "1:507504909528:android:ad9476432ed041f6e00bad",
        "android_client_info": {
          "package_name": "com.example.fitchi_app"
        }
      },
      "oauth_client": [
        {
          "client_id": "507504909528-j05gv3tt2fqeqqcpmhc33h58d6i56ac9.apps.googleusercontent.com",
          "client_type": 3
        }
      ],
      "api_key": [
        {
          "current_key": "AIzaSyDyy8Grv2b1xzdLebmsgfTgMxcJRoHppoI"
        }
      ],
      "services": {
        "appinvite_service": {
          "other_platform_oauth_client": [
            {
              "client_id": "507504909528-j05gv3tt2fqeqqcpmhc33h58d6i56ac9.apps.googleusercontent.com",
              "client_type": 3
            },
            {
              "client_id": "507504909528-8lj4k8mne35h793jim8jjnibc4u19hno.apps.googleusercontent.com",
              "client_type": 2,
              "ios_info": {
                "bundle_id": "com.example.fitchiApp"
              }
            }
          ]
        }
      }
    }
  ],
  "configuration_version": "1"
}